"CP","nsplit","rel error","xerror","xstd"
0.01,12,0.368577843671745,0.370791573981789,0.0115218741255507
