"Ols RMSE","Ridge RMSE","Lasso RMSE","Elastic Net RMSE"
0.699013905617771,0.713461006262544,0.714546085164898,0.709217960851086
